[
  {
    "id": "HIST001",
    "browser": "chrome",
    "url": "https://www.blockchain.com/btc/address/1A1zP1eP5QGefi2DMPTfTL5SLmv7DivfNa",
    "title": "Bitcoin Address Tracker - Blockchain Explorer",
    "timestamp": "2025-09-19T14:15:00.000Z",
    "visit_count": 15
  },
  {
    "id": "HIST002",
    "browser": "chrome",
    "url": "https://tornado.cash/",
    "title": "Tornado Cash - Privacy Solution for Ethereum",
    "timestamp": "2025-09-19T14:40:00.000Z",
    "visit_count": 3
  },
  {
    "id": "HIST003",
    "browser": "chrome",
    "url": "https://maps.google.com/search/warehouse+brooklyn+industrial",
    "title": "Warehouse Brooklyn Industrial - Google Maps",
    "timestamp": "2025-09-19T12:30:00.000Z",
    "visit_count": 1
  },
  {
    "id": "HIST004",
    "browser": "chrome",
    "url": "https://protonmail.com/login",
    "title": "ProtonMail - Secure Email Login",
    "timestamp": "2025-09-19T13:45:00.000Z",
    "visit_count": 8
  },
  {
    "id": "HIST005",
    "browser": "chrome",
    "url": "https://darkweb-marketplace.onion/drugs/cocaine",
    "title": "Premium Products - Marketplace",
    "timestamp": "2025-09-19T11:20:00.000Z",
    "visit_count": 12
  },
  {
    "id": "HIST006",
    "browser": "chrome",
    "url": "https://www.vpnservice.com/download",
    "title": "Download VPN - Anonymous Browsing",
    "timestamp": "2025-09-19T10:00:00.000Z",
    "visit_count": 2
  },
  {
    "id": "HIST007",
    "browser": "chrome",
    "url": "https://signal.org/download",
    "title": "Signal - Private Messenger Download",
    "timestamp": "2025-09-19T09:30:00.000Z",
    "visit_count": 1
  }
]
