[
  {
    "txn_id": "TXN_FORENSIC_001",
    "from_user": "1A1zP1eP5QGefi2DMPTfTL5SLmv7DivfNa",
    "to_user": "3J98t1WpEZ73CNmQviecrnyiWrnqRhWNLy",
    "amount": "2.5000",
    "currency": "BTC",
    "timestamp": "2025-09-19T14:20:00.000Z",
    "purpose": "Payment for services",
    "mixer_used": false
  },
  {
    "txn_id": "TXN_FORENSIC_002",
    "from_user": "3J98t1WpEZ73CNmQviecrnyiWrnqRhWNLy",
    "to_user": "bc1qxy2kgdygjrsqtzq2n0yrf2493p83kkfjhx0wlh",
    "amount": "1.2500",
    "currency": "BTC",
    "timestamp": "2025-09-19T14:45:00.000Z",
    "purpose": "Split payment",
    "mixer_used": true
  },
  {
    "txn_id": "TXN_FORENSIC_003",
    "from_user": "bc1qxy2kgdygjrsqtzq2n0yrf2493p83kkfjhx0wlh",
    "to_user": "1BvBMSEYstWetqTFn5Au4m4GFg7xJaNVN2",
    "amount": "0.8750",
    "currency": "BTC",
    "timestamp": "2025-09-19T15:10:00.000Z",
    "purpose": "Money laundering",
    "mixer_used": true
  },
  {
    "txn_id": "TXN_FORENSIC_004",
    "from_user": "1BvBMSEYstWetqTFn5Au4m4GFg7xJaNVN2",
    "to_user": "35hK24tcLEWcgNA4JxpvbkNkoAcDGqQPsP",
    "amount": "50000.0000",
    "currency": "USDT",
    "timestamp": "2025-09-19T16:30:00.000Z",
    "purpose": "Cash out to stablecoin",
    "mixer_used": false
  }
]
