[
  {
    "txn_id": "TXN001",
    "from_user": "bc1qxy2kgdygjrsqtzq2n0yrf2493p83kkfjhx0wlh",
    "to_user": "1A1zP1eP5QGefi2DMPTfTL5SLmv7DivfNa",
    "amount": "5.0000",
    "currency": "BTC",
    "timestamp": "2025-09-20T15:25:00.000Z"
  },
  {
    "txn_id": "TXN002",
    "from_user": "1A1zP1eP5QGefi2DMPTfTL5SLmv7DivfNa",
    "to_user": "tornado_mixer_wallet_001",
    "amount": "5.0000",
    "currency": "BTC",
    "timestamp": "2025-09-20T16:25:00.000Z"
  },
  {
    "txn_id": "TXN003",
    "from_user": "tornado_mixer_wallet_001",
    "to_user": "35hK24tcLEWcgNA4JxpvbkNkoAcDGqQPsP",
    "amount": "1.5000",
    "currency": "BTC",
    "timestamp": "2025-09-20T18:05:00.000Z"
  },
  {
    "txn_id": "TXN004",
    "from_user": "tornado_mixer_wallet_001",
    "to_user": "1BvBMSEYstWetqTFn5Au4m4GFg7xJaNVN2",
    "amount": "1.5000",
    "currency": "BTC",
    "timestamp": "2025-09-20T18:10:00.000Z"
  },
  {
    "txn_id": "TXN005",
    "from_user": "tornado_mixer_wallet_001",
    "to_user": "bc1qxy2kgdygjrsqtzq2n0yrf2493p83kkfjhx0wlh",
    "amount": "2.0000",
    "currency": "BTC",
    "timestamp": "2025-09-20T18:15:00.000Z"
  }
]
