<calls><item><id>C1</id><caller>951.432.7009</caller><callee>590.511.0433 x80666</callee><duration>190</duration><type>incoming</type><timestamp>2025-09-19T02:32:38.607Z</timestamp><deleted>false</deleted></item><item><id>C2</id><caller>(381) 859-9874 x030</caller><callee>790-840-8626 x712</callee><duration>2202</duration><type>incoming</type><timestamp>2025-09-18T21:37:15.542Z</timestamp><deleted>false</deleted></item><item><id>C3</id><caller>(420) 473-2927 x130</caller><callee>307.416.9752 x185</callee><duration>3225</duration><type>voip_video</type><timestamp>2025-09-19T14:20:16.748Z</timestamp><deleted>true</deleted></item><item><id>C4</id><caller>791.890.0634 x481</caller><callee>422-234-5950 x9007</callee><duration>3411</duration><type>incoming</type><timestamp>2025-09-19T07:52:50.286Z</timestamp><deleted>false</deleted></item><item><id>C5</id><caller>772-225-2016 x11158</caller><callee>(627) 526-8114</callee><duration>1044</duration><type>voip_video</type><timestamp>2025-09-18T20:00:11.348Z</timestamp><deleted>true</deleted></item></calls>