[
  {
    "data_type": "file",
    "original_id": "evidence_photos_warehouse.zip",
    "recovery_status": "partially_recovered",
    "timestamp": "2025-09-19T16:15:00.000Z",
    "file_type": "archive",
    "size_bytes": 25600000,
    "deletion_method": "secure_wipe"
  },
  {
    "data_type": "file",
    "original_id": "contact_list_suppliers.xlsx",
    "recovery_status": "recovered",
    "timestamp": "2025-09-19T16:18:00.000Z",
    "file_type": "spreadsheet",
    "size_bytes": 1024000,
    "deletion_method": "standard_delete"
  },
  {
    "data_type": "file",
    "original_id": "crypto_wallet_backup.dat",
    "recovery_status": "corrupted",
    "timestamp": "2025-09-19T16:20:00.000Z",
    "file_type": "wallet",
    "size_bytes": 512000,
    "deletion_method": "overwrite_multiple"
  }
]
