[
  {
    "data_type": "message",
    "original_id": "MSG_DEL_001",
    "recovery_status": "recovered",
    "timestamp": "2025-09-19T16:12:00.000Z",
    "platform": "WhatsApp",
    "sender": "Alex Rodriguez",
    "receiver": "Maria Santos",
    "content": "Emergency protocol activated. Burn all physical evidence. Meet at safe house #3.",
    "deleted_at": "2025-09-19T16:12:30.000Z"
  },
  {
    "data_type": "message",
    "original_id": "MSG_DEL_002",
    "recovery_status": "recovered",
    "timestamp": "2025-09-19T16:25:00.000Z",
    "platform": "Signal",
    "sender": "David Chen",
    "receiver": "Alex Rodriguez",
    "content": "The shipment manifest is hidden in locker 247 at Grand Central. Key is with Maria.",
    "deleted_at": "2025-09-19T16:25:45.000Z"
  },
  {
    "data_type": "message",
    "original_id": "MSG_DEL_003",
    "recovery_status": "partially_recovered",
    "timestamp": "2025-09-19T17:10:00.000Z",
    "platform": "Telegram",
    "sender": "Boss",
    "receiver": "Alex Rodriguez",
    "content": "[CORRUPTED] ...extraction point... helicopter... 2 AM... [CORRUPTED]",
    "deleted_at": "2025-09-19T17:10:15.000Z"
  }
]
