<calls>
  <item>
    <id>CALL001</id>
    <caller>+1-555-1001</caller>
    <callee>+1-555-2001</callee>
    <duration>420</duration>
    <type>outgoing</type>
    <timestamp>2025-09-20T15:35:00.000Z</timestamp>
    <deleted>false</deleted>
  </item>
  <item>
    <id>CALL002</id>
    <caller>+1-555-2001</caller>
    <callee>+1-555-3001</callee>
    <duration>180</duration>
    <type>outgoing</type>
    <timestamp>2025-09-20T16:05:00.000Z</timestamp>
    <deleted>false</deleted>
  </item>
  <item>
    <id>CALL003</id>
    <caller>+1-555-1001</caller>
    <callee>+1-555-3001</callee>
    <duration>600</duration>
    <type>outgoing</type>
    <timestamp>2025-09-20T16:35:00.000Z</timestamp>
    <deleted>false</deleted>
  </item>
  <item>
    <id>CALL004</id>
    <caller>+1-555-9999</caller>
    <callee>+1-555-1001</callee>
    <duration>45</duration>
    <type>incoming</type>
    <timestamp>2025-09-20T17:00:00.000Z</timestamp>
    <deleted>true</deleted>
  </item>
  <item>
    <id>CALL005</id>
    <caller>+1-555-1001</caller>
    <callee>+1-555-2001</callee>
    <duration>30</duration>
    <type>outgoing</type>
    <timestamp>2025-09-20T17:20:00.000Z</timestamp>
    <deleted>true</deleted>
  </item>
  <item>
    <id>CALL006</id>
    <caller>+1-555-2001</caller>
    <callee>+1-555-3001</callee>
    <duration>120</duration>
    <type>outgoing</type>
    <timestamp>2025-09-20T17:50:00.000Z</timestamp>
    <deleted>true</deleted>
  </item>
</calls>