[
  {
    "url": "https://fumbling-tile.biz/",
    "title": "Adstringo adeptio utique ager catena arma vitium.",
    "timestamp": "2025-09-19T14:42:22.715Z"
  },
  {
    "url": "https://awful-toffee.info",
    "title": "Vis socius abutor vilis trado accedo.",
    "timestamp": "2025-09-19T09:07:54.650Z"
  },
  {
    "url": "https://lasting-epauliere.com/",
    "title": "Degero sol cultellus abduco benigne cenaculum doloremque.",
    "timestamp": "2025-09-19T15:33:31.644Z"
  },
  {
    "url": "https://unwieldy-merit.org/",
    "title": "Cohibeo summopere adhaero stabilis laboriosam amita.",
    "timestamp": "2025-09-19T09:58:20.098Z"
  },
  {
    "url": "https://utilized-steeple.name",
    "title": "Curto addo atrox tremo urbs alienus aperte.",
    "timestamp": "2025-09-19T02:34:51.267Z"
  }
]