{
  "name": "Alex Rodriguez",
  "aliases": ["A_Rod", "CryptoKing2024", "AlexR_Business"],
  "phones": ["+1-555-0123", "+1-555-0456"],
  "emails": [
    "alex.rodriguez@email.com",
    "cryptoking2024@protonmail.com",
    "business.alex@tempmail.org"
  ],
  "addresses": ["1234 Main Street, Downtown City", "5678 Oak Avenue, Suburb Town"],
  "cloud_accounts": ["alex.rodriguez.icloud", "cryptoking_gdrive"],
  "social_handles": ["@AlexR_Official", "@CryptoKing2024", "alex.rodriguez.linkedin"]
}
