[
  {
    "name": "Signal Private Messenger",
    "version": "6.32.0",
    "last_opened": "2025-09-19T17:30:00.000Z",
    "type": "messaging",
    "usage_stats": {
      "hours": 25,
      "messages_sent": 150,
      "calls_made": 8
    },
    "suspicious": true
  },
  {
    "name": "Telegram",
    "version": "10.1.2",
    "last_opened": "2025-09-19T17:00:00.000Z",
    "type": "messaging",
    "usage_stats": {
      "hours": 45,
      "messages_sent": 300,
      "channels_joined": 12
    },
    "suspicious": true
  },
  {
    "name": "Coinbase Wallet",
    "version": "4.5.1",
    "last_opened": "2025-09-19T16:30:00.000Z",
    "type": "finance",
    "usage_stats": {
      "hours": 20,
      "transactions": 45,
      "wallets_connected": 5
    },
    "suspicious": true
  },
  {
    "name": "Tor Browser",
    "version": "12.5.4",
    "last_opened": "2025-09-19T11:20:00.000Z",
    "type": "other",
    "usage_stats": {
      "hours": 15,
      "sites_visited": 25,
      "downloads": 8
    },
    "suspicious": true
  },
  {
    "name": "ProtonVPN",
    "version": "3.2.1",
    "last_opened": "2025-09-19T10:00:00.000Z",
    "type": "system",
    "usage_stats": {
      "hours": 60,
      "connections": 120,
      "countries_connected": 8
    },
    "suspicious": true
  },
  {
    "name": "File Shredder Pro",
    "version": "2.1.0",
    "last_opened": "2025-09-19T16:20:00.000Z",
    "type": "system",
    "usage_stats": {
      "hours": 2,
      "files_deleted": 150,
      "secure_wipes": 25
    },
    "suspicious": true
  }
]
