<calls>
  <item>
    <id>CALL001</id>
    <caller>+1-555-0123</caller>
    <callee>+1-555-7890</callee>
    <duration>420</duration>
    <type>outgoing</type>
    <timestamp>2025-09-19T13:00:00.000Z</timestamp>
    <deleted>false</deleted>
  </item>
  <item>
    <id>CALL002</id>
    <caller>+1-555-7890</caller>
    <callee>+1-555-0123</callee>
    <duration>180</duration>
    <type>incoming</type>
    <timestamp>2025-09-19T13:30:00.000Z</timestamp>
    <deleted>false</deleted>
  </item>
  <item>
    <id>CALL003</id>
    <caller>+1-555-0123</caller>
    <callee>+1-555-9999</callee>
    <duration>45</duration>
    <type>outgoing</type>
    <timestamp>2025-09-19T16:05:00.000Z</timestamp>
    <deleted>true</deleted>
  </item>
  <item>
    <id>CALL004</id>
    <caller>+1-555-0123</caller>
    <callee>+1-555-1111</callee>
    <duration>600</duration>
    <type>outgoing</type>
    <timestamp>2025-09-19T17:45:00.000Z</timestamp>
    <deleted>true</deleted>
  </item>
  <item>
    <id>CALL005</id>
    <caller>+1-555-2222</caller>
    <callee>+1-555-0123</callee>
    <duration>30</duration>
    <type>incoming</type>
    <timestamp>2025-09-19T18:00:00.000Z</timestamp>
    <deleted>false</deleted>
  </item>
</calls>